Product_category,Description,Price,Image
Air conditioner,1 Ton BREEZE 12G + DC Inv..,"5,900.00",https://salmanelectronics.com/wp-content/uploads/2020/11/1.07.243.0001-247x260.jpg
Air conditioner,Haier 1.5 Ton Air Conditi..,"2,200.00",https://salmanelectronics.com/wp-content/uploads/2021/01/haier-15-ton-air-conditioner-hsu-18lt-t-series-image1-450x450-1-247x260.jpeg
Air conditioner,Haier HSU-12LRX 1 Ton Inv..,"1,700.00",https://salmanelectronics.com/wp-content/uploads/2021/01/ezgif.com-resize_5__1-247x260.jpg
Air conditioner,Haier HSU-18LRX 1.5 Ton I..,"8,200.00",https://salmanelectronics.com/wp-content/uploads/2021/01/product_115997_1-247x260.jpg
Air conditioner,Kenwood KET-1228S e-Tech ..,"2,900.00",https://salmanelectronics.com/wp-content/uploads/2020/11/eTech-Unit-scaled-1-247x260.jpg
Air conditioner,Orient Alpha 12G Cool Onl..,"8,000.00",https://salmanelectronics.com/wp-content/uploads/2020/12/1-Ton-Alpha-Grey-White-Onlinebuypk-1-247x260.jpg
Air conditioner,Orient Delta 18G 1.5 Ton ..,"8,000.00",https://salmanelectronics.com/wp-content/uploads/2020/12/orient-delta-split-air-conditioner-1.5-ton-_delta-18g__1_1_1-247x260.jpg
Air conditioner,PEL InverterOn FIT Chrome..,"2,000.00",https://salmanelectronics.com/wp-content/uploads/2020/12/fit-1-247x260.jpg
Air conditioner,PEL InverterOn FIT Chrome..,"2,000.00",https://salmanelectronics.com/wp-content/uploads/2020/09/Pel-Fit-Chrome-12K.jpg1_-247x260.jpg
Air conditioner,PEL Majestic 4D Air Condi..,"1,900.00",https://salmanelectronics.com/wp-content/uploads/2020/12/majestic-4d-1.0-247x260.jpg
Microwave oven,Dawlance Cooking Series M..,"0,000.00",https://salmanelectronics.com/wp-content/uploads/2020/03/dawlance-cooking-series-microwave-oven-30-ltr-_dw-131-hp_-247x260.jpg
Microwave oven,Dawlance Microwave Oven 2..,",500.00",https://salmanelectronics.com/wp-content/uploads/2021/01/dawlance_cooking_series_microwave_oven_20_ltr_dw-md10__6_1-247x260.jpg
Microwave oven,Dawlance Microwave Oven 2..,",200.00",https://salmanelectronics.com/wp-content/uploads/2021/01/dawlance-microwave-oven-20ltr-_md-15__1-247x260.jpg
Microwave oven,Dawlance Microwave Oven 2..,"2,200.00",https://salmanelectronics.com/wp-content/uploads/2021/01/dawlance_microwave_oven_23_ltr_black_dw-374__1-247x260.jpg
Microwave oven,Dawlance Microwave Oven 3..,"9,200.00",https://salmanelectronics.com/wp-content/uploads/2021/01/dawlance-cooking-series-microwave-oven-36-ltr-_dw-136-g_-247x260.jpg
Microwave oven,Dawlance Microwave Oven 4..,"2,000.00",https://salmanelectronics.com/wp-content/uploads/2021/01/dawlance_cooking_series_microwave_oven_42_ltr_dw-142-hzp__1_1_1_1-247x260.jpg
Microwave oven,Dawlance Microwave Oven D..,"6,500.00",https://salmanelectronics.com/wp-content/uploads/2021/01/dawlance-cooking-series-microwave-oven-30-ltr-_dw-133-g_-247x260.jpg
Microwave oven,PEL Microwave Oven PMO 20..,",500.00",https://salmanelectronics.com/wp-content/uploads/2020/04/classic-wgm-247x260.jpg
Freezer,Haier HDF-245SD Deep Free..,"4,500.00",https://salmanelectronics.com/wp-content/uploads/2021/01/111111111111111111-247x260.png
Freezer,Haier HDF-325H Deep Freez..,"2,500.00",https://salmanelectronics.com/wp-content/uploads/2021/01/deep-247x260.png
Freezer,HDF 345SD,"5,500.00",https://salmanelectronics.com/wp-content/uploads/2019/12/345-SD-1000x1000-247x260.jpg
Freezer,HDF 545,"6,500.00",https://salmanelectronics.com/wp-content/uploads/2019/12/545ddb-1000x1000-247x260.jpg
Freezer,"Pel	“Deep Freezers ..","8,900.00",https://salmanelectronics.com/wp-content/uploads/2019/06/PDF-100-Arctic-Premium-Single-Door-247x260.jpg
Freezer,"Pel	“Deep Freezers ..","8,500.00",https://salmanelectronics.com/wp-content/uploads/2019/06/PDF-130-Arctic-Premium-Single-Door-247x260.jpg
Freezer,"Pel	“Deep Freezers ..","2,000.00",https://salmanelectronics.com/wp-content/uploads/2019/06/PDF-150-Arctic-Premium-Single-Door-247x260.jpg
Freezer,PEL PDFT 135 PRO,"3,500.00",https://salmanelectronics.com/wp-content/uploads/2019/12/PEL-Deep-Freezer-Double-Door-13-cft-Model-PDFT-135-Arctic-Premium-1-247x260.jpg
Freezer,PEL PDFT 155 PRO,"7,000.00",https://salmanelectronics.com/wp-content/uploads/2019/12/Pel-PDFT-Arctic-Premium-Plus-Deep-Freezer-247x260.jpg
Freezer,WAVES WDF 309,"4,400.00",https://salmanelectronics.com/wp-content/uploads/2019/12/1_fcax-3n-247x260.png
Freezer,Waves WDF-310 Deep Freeze..,"5,600.00",https://salmanelectronics.com/wp-content/uploads/2020/11/df-247x260.png
Freezer,WAVES WDFT 313,"3,900.00",https://salmanelectronics.com/wp-content/uploads/2019/12/1_yocs-iw-247x260.png
Freezer,WAVES WDFT 315,"6,800.00",https://salmanelectronics.com/wp-content/uploads/2019/12/1_yocs-iw_2cm2-71-247x260.png
Television,65″ P715 UHD Androi..,"50,000.00",https://salmanelectronics.com/wp-content/uploads/2021/01/Untitled-1-247x260.png
Television,CEMEX 21 Inches LED,",200.00",https://salmanelectronics.com/wp-content/uploads/2021/01/11__52022_zoom-247x260.jpg
Television,EcoStar 32 Inch Smart LED..,"1,900.00",https://salmanelectronics.com/wp-content/uploads/2020/10/Ecostar-32-Inches-Smart-LED-TV-32U860-247x260.jpg
Television,Haier 32 Inch HD READY LE..,"5,900.00",https://salmanelectronics.com/wp-content/uploads/2021/01/Capture-247x260.png
Television,Haier LE40K6600G “4..,"8,900.00",https://salmanelectronics.com/wp-content/uploads/2020/11/Capture12-247x260.png
Television,Orient Action 32″ H..,"3,000.00",https://salmanelectronics.com/wp-content/uploads/2020/11/abi-247x260.png
Television,Orient Action 39S HD Blac..,"3,000.00",https://salmanelectronics.com/wp-content/uploads/2020/11/abi-247x260.png
Television,Orient Fiction 40″ ..,"7,000.00",https://salmanelectronics.com/wp-content/uploads/2020/11/ori-247x260.png
Television,Orient Fiction 49″ ..,"8,000.00",https://salmanelectronics.com/wp-content/uploads/2020/11/ori-247x260.png
Television,Orient Hawk 40 FHD LED TV..,"3,000.00",https://salmanelectronics.com/wp-content/uploads/2020/11/orie-247x260.png
Television,Panasonic 32 Inch LED (TH..,"4,000.00",https://salmanelectronics.com/wp-content/uploads/2020/11/product_88194_1_thumb-247x260.jpg
Television,PEL 32 Inch FULL HD TV,"9,000.00",https://salmanelectronics.com/wp-content/uploads/2020/11/pel-247x260.png
Television,Pel 32″ Smart LED T..,"4,900.00",https://salmanelectronics.com/wp-content/uploads/2020/11/32-247x260.png
Television,PEL ColorOn 40″ Ful..,"3,000.00",https://salmanelectronics.com/wp-content/uploads/2020/11/pel40-247x260.png
Television,PEL ColorOn Full HD LED T..,"7,000.00",https://salmanelectronics.com/wp-content/uploads/2020/11/coloron-smart-full-hd-247x260.jpg
Television,PEL ColorOn Full HD LED T..,"2,000.00",https://salmanelectronics.com/wp-content/uploads/2020/04/HD-49-247x260.jpg
Television,TCL 32″ S6500 SMART..,"6,000.00",https://salmanelectronics.com/wp-content/uploads/2019/06/tcl_smart_front-247x260.png
Television,TCL 40″ S6500 SMART..,"8,000.00",https://salmanelectronics.com/wp-content/uploads/2019/06/tcl_smart_front-247x260.png
Television,TCL 50″ 4K P6 ULTRA..,"0,000.00",https://salmanelectronics.com/wp-content/uploads/2019/06/tcl_p6_front-247x260.png
Television,TCL 65″ 4K P6 ULTRA..,"65,000.00",https://salmanelectronics.com/wp-content/uploads/2019/06/tcl_p6_front-247x260.png
Water dispenser,ECO STAR WD 300,"4,900.00",https://salmanelectronics.com/wp-content/uploads/2020/02/ecostar_2_tap_water_dispenser_wd-300_15000-247x260.jpg
Water dispenser,ECO STAR WD 351FC,"6,500.00",https://salmanelectronics.com/wp-content/uploads/2020/02/WD-351FC-247x260.png
Water dispenser,OWD-529 Water Dispenser w..,"6,500.00",https://salmanelectronics.com/wp-content/uploads/2020/05/WD2tab_2x_8d0bbfab-5abc-451e-9272-d7d07f313130_2000x_crop_center-247x260.png
Water dispenser,PEL 115 Curved Glassdoor ..,"9,500.00",https://salmanelectronics.com/wp-content/uploads/2020/05/PB-1-247x260.jpg
Water dispenser,PEL 115 Smart Water Dispe..,"7,900.00",https://salmanelectronics.com/wp-content/uploads/2020/05/smart_115-247x260.jpg
Washing machine,Auto 6.5 Super Grey Washi..,"1,900.00",https://salmanelectronics.com/wp-content/uploads/2020/01/images-4-247x260.jpg
Washing machine,Auto 8 Kg Super Grey Wash..,"9,900.00",https://salmanelectronics.com/wp-content/uploads/2020/01/images-4-247x260.jpg
Washing machine,BOSS KE 1500,"3,900.00",https://salmanelectronics.com/wp-content/uploads/2019/12/1500-min-247x260.jpg
Washing machine,"Boss Washing Machine	3000..","2,000.00",https://salmanelectronics.com/wp-content/uploads/2019/06/3000-1-247x260.jpg
Washing machine,"Boss Washing Machine	8000..","2,500.00",https://salmanelectronics.com/wp-content/uploads/2019/06/8000CSL-1-247x260.jpg
Washing machine,"Boss Washing Machine	KE 1..",",500.00",https://salmanelectronics.com/wp-content/uploads/2019/06/KE1500-PLUS-247x260.jpg
Washing machine,"Boss Washing Machine	KE-1..","1,000.00",https://salmanelectronics.com/wp-content/uploads/2019/06/1500-1-247x260.jpg
Washing machine,BOSS Washing Machine KE-4..,"2,500.00",https://salmanelectronics.com/wp-content/uploads/2019/06/KE-4000-BS-1-247x260.jpg
Washing machine,Gaba National Single Tub ..,"1,850.00",https://salmanelectronics.com/wp-content/uploads/2020/11/wm3-247x260.png
Washing machine,Gaba National Washing Mac..,"3,000.00",https://salmanelectronics.com/wp-content/uploads/2019/06/gaba-national-washing-machine-247x260.jpg
Washing machine,HAIER 120AS,"5,000.00",https://salmanelectronics.com/wp-content/uploads/2019/12/Haier-HWM-120AS-Main-Resize-247x260.jpg
Washing machine,HAIER 75AS,"7,000.00",https://salmanelectronics.com/wp-content/uploads/2019/12/75-247x260.png
Washing machine,HAIER 80000,"7,900.00",https://salmanelectronics.com/wp-content/uploads/2019/12/asaaam-1234-500x500-247x260.png
Washing machine,HAIER 8035,"2,000.00",https://salmanelectronics.com/wp-content/uploads/2019/12/w020120913798582418412-247x260.png
Washing machine,HAIER 80AS,"7,000.00",https://salmanelectronics.com/wp-content/uploads/2019/12/HWM-80-AS-247x260.jpg
Washing machine,Haier Fully Automatic Mac..,"3,900.00",https://salmanelectronics.com/wp-content/uploads/2020/10/111-247x260.png
Washing machine,Haier Fully Automatic Was..,"0,900.00",https://salmanelectronics.com/wp-content/uploads/2020/10/Haier-7kg-Top-Load-Washing-Machine-HWM75-918-247x260.jpg
Washing machine,Haier HWM 120-826 Washing..,"9,000.00",https://salmanelectronics.com/wp-content/uploads/2020/11/haier-top-load-fully-automatic-washing-machine-12-kg-grey-_hwm-120-826__1-247x260.jpg
Washing machine,"Haier Washing Machine	100..","8,000.00",https://salmanelectronics.com/wp-content/uploads/2019/06/HWM-100-AS-247x260.png
Washing machine,"Haier Washing Machine	100..","8,500.00",https://salmanelectronics.com/wp-content/uploads/2019/06/HWM-100-BS-247x260.png
Washing machine,"Haier Washing Machine	120..","5,500.00",https://salmanelectronics.com/wp-content/uploads/2019/06/120-AS-247x260.png
Washing machine,"Haier Washing Machine	120..","4,500.00",https://salmanelectronics.com/wp-content/uploads/2019/06/haier-12035-1-247x260.jpg
Washing machine,"Haier Washing Machine	800..","8,500.00",https://salmanelectronics.com/wp-content/uploads/2019/06/80000-247x260.png
Washing machine,"Haier Washing Machine	801..","8,500.00",https://salmanelectronics.com/wp-content/uploads/2019/06/80100SR-247x260.jpeg
Washing machine,"Haier Washing Machine	803..","2,000.00",https://salmanelectronics.com/wp-content/uploads/2019/06/8035-247x260.jpeg
Washing machine,"Haier Washing Machine	805..","2,000.00",https://salmanelectronics.com/wp-content/uploads/2019/06/8050-1-247x260.jpg
Washing machine,"Haier Washing Machine	806..","3,500.00",https://salmanelectronics.com/wp-content/uploads/2019/06/haier-8060-1-247x260.jpg
Washing machine,Kenwood 8kg Single Tub Wa..,"3,900.00",https://salmanelectronics.com/wp-content/uploads/2020/10/Kenwood-8kg-Single-Tub-Washer-KWM-899W0-salmanelectronics-247x260.jpg
Washing machine,Kenwood machine Kw 1010,"6,000.00",https://salmanelectronics.com/wp-content/uploads/2020/10/kenwood-1010-salman-electronics-1-247x260.jpg
Washing machine,ORIENT AUTO 10 SUPER GREY..,"8,900.00",https://salmanelectronics.com/wp-content/uploads/2020/01/orient_auto_top_load_fully_automatic_washing_machine_8_kg_new_3-247x260.jpg
Washing machine,ORIENT AUTO 7 SUPER GREY,"5,900.00",https://salmanelectronics.com/wp-content/uploads/2020/01/images-2-247x260.jpg
Washing machine,PEL PWMS 8050,"4,500.00",https://salmanelectronics.com/wp-content/uploads/2020/01/8050-247x260.jpg
Washing machine,PEL Washing Machine PWMS ..,"6,900.00",https://salmanelectronics.com/wp-content/uploads/2020/11/Capture-247x260.png
Washing machine,Washing Machine KE-4000-B..,"2,900.00",https://salmanelectronics.com/wp-content/uploads/2019/06/KE-4000-BS-247x260.jpg
Washing machine,Washing Machine KE-4500-B..,"3,900.00",https://salmanelectronics.com/wp-content/uploads/2019/06/KE-4500-BS-247x260.jpg
Washing machine,Washing Machine KE-9500-B..,"8,900.00",https://salmanelectronics.com/wp-content/uploads/2019/06/KE-9500-BS-247x260.jpg
Washing machine,Westpoint Single Tub Tran..,"1,100.00",https://salmanelectronics.com/wp-content/uploads/2020/11/up-247x260.png
Washing machine,Westpoint Single Tub Wash..,"2,400.00",https://salmanelectronics.com/wp-content/uploads/2020/11/up2-247x260.png
Water geyser,CANNON GEYSER ELECTRIC 10..,"0,500.00",https://salmanelectronics.com/wp-content/uploads/2019/12/download-14-183x260.jpg
Water geyser,Singer Instant Electric G..,"8,900.00",https://salmanelectronics.com/wp-content/uploads/2020/10/WhatsApp-Image-2020-10-31-at-1.22.57-PM-247x260.jpeg
Iron,Dry Iron WF-78B,",500.00",https://salmanelectronics.com/wp-content/uploads/2021/02/westpoint_dry_iron_wf-78b_15000_2-247x260.jpg
Iron,Gaba National Dry Iron (G..,",200.00",https://salmanelectronics.com/wp-content/uploads/2020/11/iron-247x260.png
Iron,Kenwood 2400W Electric St..,",000.00",https://salmanelectronics.com/wp-content/uploads/2020/10/isp-201_-salman-electronics-247x260.jpg
Juicer,Big Apple Juicer with Ble..,",200.00",https://salmanelectronics.com/wp-content/uploads/2021/02/585ba119c7dd3283a8dc9d56ec7d5ff2.jpg_720x720q80__51676_zoom-247x260.jpg
Juicer,Gaba National Juicer Blen..,",500.00",https://salmanelectronics.com/wp-content/uploads/2020/11/juicer-247x260.png
Juicer,Juicer Blender Drymill WF..,",100.00",https://salmanelectronics.com/wp-content/uploads/2021/02/westpoint_juicer_blender_wf-8813_1500_3-247x260.jpg
Juicer,Kenwood food processor fp..,"1,300.00",https://salmanelectronics.com/wp-content/uploads/2020/10/kenwood_food_processor_fp190-salman-electronics-247x260.jpg
Juicer,Westpoint Deluxe Juicer B..,",300.00",https://salmanelectronics.com/wp-content/uploads/2021/02/westpoint_juicer_blender_wf-7201_15000_3-247x260.jpg
Refrigerator,Crystal 260 Liters Refrig..,"2,500.00",https://salmanelectronics.com/wp-content/uploads/2019/09/orient_crystal_225_freezer-on-top_refrigerator_8_cu_ft_glaze_golden-247x260.jpg
Refrigerator,Crystal 350 Liters Refrig..,"7,000.00",https://salmanelectronics.com/wp-content/uploads/2019/09/Space-Black-350-247x260.jpg
Refrigerator,Dawlance 91996-GD Inverte..,"9,800.00",https://salmanelectronics.com/wp-content/uploads/2020/11/mgd-768x488123123-1-247x260.jpg
Refrigerator,DAWLANCE REFREGERATOR 916..,"0,000.00",https://salmanelectronics.com/wp-content/uploads/2020/11/EDS-NEW-LIN-EART-01-247x260.png
Refrigerator,Dawlance Refrigerator 915..,"2,500.00",https://salmanelectronics.com/wp-content/uploads/2020/11/LF-GD-SERIES-02-247x260.png
Refrigerator,Dawlance Refrigerator GD ..,"7,000.00",https://salmanelectronics.com/wp-content/uploads/2020/11/ref-247x260.png
Refrigerator,Dawlance Refrigerator GD ..,"9,900.00",https://salmanelectronics.com/wp-content/uploads/2020/11/R3-REF-LINEART-05-b-247x260.png
Refrigerator,Diamond 380 Liters Refrig..,"9,000.00",https://salmanelectronics.com/wp-content/uploads/2019/09/dia-380-01-min-247x260.png
Refrigerator,Diamond 470 Liters Refrig..,"4,000.00",https://salmanelectronics.com/wp-content/uploads/2019/09/11_4af5b96b-f782-481f-998b-b9b3f0621f59-1-247x260.jpg
Refrigerator,Grand 205 Liters Refriger..,"2,000.00",https://salmanelectronics.com/wp-content/uploads/2019/09/205.jpg
Refrigerator,Grand 475L,"8,000.00",https://salmanelectronics.com/wp-content/uploads/2020/04/WhatsApp-Image-2020-04-18-at-12.11.03-PM-247x260.jpeg
Refrigerator,HAIER 136 WL,"6,000.00",https://salmanelectronics.com/wp-content/uploads/2020/02/m_123456-247x260.png
Refrigerator,Haier Refrigerator HRF 21..,"1,000.00",https://salmanelectronics.com/wp-content/uploads/2019/06/HRF-216EBSorEBD-1-247x260.jpg
Refrigerator,Haier Refrigerator HRF 24..,"4,000.00",https://salmanelectronics.com/wp-content/uploads/2019/06/HRF-246EBSorEBD-247x260.png
Refrigerator,Haier Refrigerator HRF 30..,"0,000.00",https://salmanelectronics.com/wp-content/uploads/2019/06/HRF-306EBSorEBD-247x260.jpg
Refrigerator,Haier Refrigerator HRF 30..,"5,000.00",https://salmanelectronics.com/wp-content/uploads/2019/06/HRF-306EPCorEPB-247x260.png
Refrigerator,Haier Refrigerator HRF 33..,"5,000.00",https://salmanelectronics.com/wp-content/uploads/2019/06/HRF-336EPC-1-247x260.jpg
Refrigerator,HAIER REFRIGERATOR HRF 36..,"6,000.00",https://salmanelectronics.com/wp-content/uploads/2019/06/W020180519454804556870-247x260.jpg
Refrigerator,HAIER REFRIGERATOR HRF 36..,"3,000.00",https://salmanelectronics.com/wp-content/uploads/2019/06/W020180519496658657784-247x260.jpg
Refrigerator,HAIER REFRIGERATOR HRF-21..,"6,000.00",https://salmanelectronics.com/wp-content/uploads/2019/08/216-247x260.jpg
Refrigerator,Haier Refrigerator HRF-24..,"9,000.00",https://salmanelectronics.com/wp-content/uploads/2019/08/Haier-HRF-246-EPR-Resize-247x260.jpg
Refrigerator,Haier Refrigerator HRF-27..,"8,000.00",https://salmanelectronics.com/wp-content/uploads/2019/08/276-ebs-ebd-3-min-247x260.png
Refrigerator,Haier Refrigerator HRF-27..,"2,000.00",https://salmanelectronics.com/wp-content/uploads/2019/08/Haier-HRF-368EPB-Resize-247x260.jpg
Refrigerator,HAIER REFRIGERATOR HRF-36..,"9,500.00",https://salmanelectronics.com/wp-content/uploads/2019/06/W020180519545511180097-247x260.jpg
Refrigerator,HAIER REFRIGERATOR HRF-39..,"7,000.00",https://salmanelectronics.com/wp-content/uploads/2019/06/398-EBS-247x260.png
Refrigerator,HAIER REFRIGERATOR HRF-43..,"0,500.00",https://salmanelectronics.com/wp-content/uploads/2019/06/W020180519505539153414-247x260.jpg
Refrigerator,HAIER REFRIGERATOR HRF-43..,"6,500.00",https://salmanelectronics.com/wp-content/uploads/2019/06/W020180519508795531231-247x260.jpg
Refrigerator,Haier Refrigerator Turbo ..,"2,000.00",https://salmanelectronics.com/wp-content/uploads/2019/08/438tdc-tdb-03-min-247x260.png
Refrigerator,HR 126WL,"8,900.00",https://salmanelectronics.com/wp-content/uploads/2019/12/Haier-HR-136WL-01-Resize-247x260.jpg
Refrigerator,HRF-398-EBS,"5,000.00",https://salmanelectronics.com/wp-content/uploads/2019/12/simple_pics_new_27_-247x260.png
Refrigerator,HRF-438IDB,"5,000.00",https://salmanelectronics.com/wp-content/uploads/2019/12/haier-hrf-438-idb-inverter-refrigerator-247x260.png
Refrigerator,Ice 470Liters Refrigerato..,"0,900.00",https://salmanelectronics.com/wp-content/uploads/2020/07/Orient-Ice-470-247x260.jpg
Refrigerator,ORIENT CRYSTAL 380,"9,000.00",https://salmanelectronics.com/wp-content/uploads/2019/12/orient_crystal_380_freezer-on-top_refrigerator_14_cu_ft_glaze_golden-247x260.jpg
Refrigerator,ORIENT CRYSTAL 470,"4,000.00",https://salmanelectronics.com/wp-content/uploads/2019/12/Space-Red-470-247x260.jpg
Refrigerator,Orient Refrigerator 260\5..,"7,000.00",https://salmanelectronics.com/wp-content/uploads/2019/06/5535-IP-247x260.png
Refrigerator,Orient Refrigerator DELUX..,"8,000.00",https://salmanelectronics.com/wp-content/uploads/2019/06/Deluxe-3500-247x260.jpg
Refrigerator,Orient Refrigerator ICE 3..,"9,000.00",https://salmanelectronics.com/wp-content/uploads/2019/06/5554-IP-MP-1-247x260.jpg
Refrigerator,Orient Refrigerator ICE28..,"9,800.00",https://salmanelectronics.com/wp-content/uploads/2019/06/5544-IP-247x260.png
Refrigerator,Orient Ruby 280 Freezer-o..,"4,900.00",https://salmanelectronics.com/wp-content/uploads/2020/11/ruby-planet-red_366278aa-be9e-4553-b9c2-5ac5d2d5ed6a__53700_zoom-247x260.jpg
Refrigerator,Pel  Refrigerator PRL 220..,"6,000.00",https://salmanelectronics.com/wp-content/uploads/2019/06/PRAS-2200-EW-247x260.jpg
Refrigerator,PEL 2000 LIFE,"1,000.00",https://salmanelectronics.com/wp-content/uploads/2019/12/pel-refrigerator-2000-life-image1-247x260.jpeg
Refrigerator,PEL 2350 GD,"1,500.00",https://salmanelectronics.com/wp-content/uploads/2019/12/pel_desire_freezer-on-top_refrigerator_purple_blaze_8_cu_ft_prgd-2350_new_1_1_1-247x260.jpg
Refrigerator,PEL 2550 GD,"5,000.00",https://salmanelectronics.com/wp-content/uploads/2019/12/2550-gd-1000x1000-247x260.jpg
Refrigerator,PEL Jumbo Refrigerator Gl..,"9,700.00",https://salmanelectronics.com/wp-content/uploads/2020/07/gdrb390_1-247x260.jpg
Refrigerator,PEL Jumbo Refrigerator Gl..,"9,900.00",https://salmanelectronics.com/wp-content/uploads/2020/07/gdrb390_1-1-247x260.jpg
Refrigerator,PEL PRGD 21950,"0,000.00",https://salmanelectronics.com/wp-content/uploads/2019/12/pmi-410_non_inv_-247x260.jpg
Refrigerator,PEL PRGD 22250,"9,000.00",https://salmanelectronics.com/wp-content/uploads/2019/12/2550-gd-1000x1000-247x260.jpg
Refrigerator,PEL PRL 21850,"8,800.00",https://salmanelectronics.com/wp-content/uploads/2019/12/download-7.jpg
Refrigerator,PEL PRL 21950,"6,000.00",https://salmanelectronics.com/wp-content/uploads/2019/12/cde661ee29d95085ebe1edca62ed5ee6-1-247x260.jpg
Refrigerator,PEL PRL 22250,"5,000.00",https://salmanelectronics.com/wp-content/uploads/2019/12/lcg440-1-247x260.jpg
Refrigerator,"Pel Refrigerator	PRL 2350..","0,000.00",https://salmanelectronics.com/wp-content/uploads/2019/06/PRAS-2300-EW-247x260.jpg
Refrigerator,Pel Refrigerator PRL 2550..,"3,900.00",https://salmanelectronics.com/wp-content/uploads/2019/06/PRAS-2500-EW-247x260.jpg
Refrigerator,PRGD 21850,"9,700.00",https://salmanelectronics.com/wp-content/uploads/2019/12/1c5c5786b30ae1f10c3bf2ecba7f55b6-1006x1000-247x260.jpg
Refrigerator,REF 9173 WB AVANTE,"2,900.00",https://salmanelectronics.com/wp-content/uploads/2020/11/R3-REF-LINEART-05-b-247x260.png
Refrigerator,"Waves Refrigerator	WR-309..","3,000.00",https://salmanelectronics.com/wp-content/uploads/2019/06/WR-309-VISTA-247x260.jpg
Refrigerator,"Waves Refrigerator	WR-311..","6,400.00",https://salmanelectronics.com/wp-content/uploads/2019/06/WR-311-VISTA-247x260.jpg
Refrigerator,"Waves Refrigerator	WR-315..","4,800.00",https://salmanelectronics.com/wp-content/uploads/2019/06/GLASS-DOOR-1-247x260.jpeg
Electric Kettle,Pel Automatic Electric Ke..,",500.00",https://salmanelectronics.com/wp-content/uploads/2021/01/pel_automatic_electric_kettle_sl-083-18_-247x260.jpg
Sandwich maker,Kenwood SMM-01 3 in 1 San..,",000.00",https://salmanelectronics.com/wp-content/uploads/2020/10/salman-electronics-Kenwood-SMM-01-3-in-1-Sandwich-Maker-1-247x260.jpg
Sandwich maker,Pel 4 Slice Sandwich Make..,",700.00",https://salmanelectronics.com/wp-content/uploads/2020/05/S-1-247x260.jpg
Toaster,"Pel Toaster kt-212f, Whit..",",900.00",https://salmanelectronics.com/wp-content/uploads/2020/09/pel-toaster-salman-electronics-247x260.jpg
